barcode,name,estilo,terex2_stock
7000010380010,G8 POWER LITE NEGRO ANILLO,ANILLO,2
7000010370011,ONE FUSION NEGRO ANILLO,ANILLO,1
7001534540058,IPHONE 16 AZUL MARINO CONVERT PIEL,CONVERT PIEL,12
7001534541178,IPHONE 16 GRIS CONVERT PIEL,CONVERT PIEL,14
7001534540188,IPHONE 16 NARANJA CONVERT PIEL,CONVERT PIEL,27
7001534540010,IPHONE 16 NEGRO CONVERT PIEL,CONVERT PIEL,8
7001534540225,IPHONE 16 VERDE LIMON CONVERT PIEL,CONVERT PIEL,7
7001535400054,IPHONE 17 AZUL MARINO CONVERT PIEL,CONVERT PIEL,12
7001535401174,IPHONE 17 GRIS CONVERT PIEL,CONVERT PIEL,14
7001535400184,IPHONE 17 NARANJA CONVERT PIEL,CONVERT PIEL,16
7001535400016,IPHONE 17 NEGRO CONVERT PIEL,CONVERT PIEL,17
7001535430051,IPHONE 17 PRO AZUL MARINO CONVERT PIEL,CONVERT PIEL,2
7001535431171,IPHONE 17 PRO GRIS CONVERT PIEL,CONVERT PIEL,5
7001535410220,IPHONE 17 PRO MAX VERDE LIMON CONVERT PIEL,CONVERT PIEL,8
7001535430181,IPHONE 17 PRO NARANJA CONVERT PIEL,CONVERT PIEL,10
7001535430013,IPHONE 17 PRO NEGRO CONVERT PIEL,CONVERT PIEL,10
7001535430228,IPHONE 17 PRO VERDE LIMON CONVERT PIEL,CONVERT PIEL,8
7001535400221,IPHONE 17 VERDE LIMON CONVERT PIEL,CONVERT PIEL,11
7001575040180,IPHONE 16E NARANJA DOBLE SOPORTE CON CAMARAS,DOBLE SOPORTE CON CAMARAS,13
7001574550185,IPHONE 16 PRO MAX NARANJA DOBLE SOPORTE CON CAMARAS,DOBLE SOPORTE CON CAMARAS,14
7001575410181,IPHONE 17 PRO MAX NARANJA DOBLE SOPORTE CON CAMARAS,DOBLE SOPORTE CON CAMARAS,12
7001684540052,IPHONE 16 AZUL MARINO FUN SIN CAMARA MS,FUN SIN CAMARA MS,13
7001684540519,IPHONE 16 BEIGE FUN SIN CAMARA MS,FUN SIN CAMARA MS,16
7001684540182,IPHONE 16 NARANJA FUN SIN CAMARA MS,FUN SIN CAMARA MS,17
7001684540014,IPHONE 16 NEGRO FUN SIN CAMARA MS,FUN SIN CAMARA MS,11
7001684550051,IPHONE 16 PRO MAX AZUL MARINO FUN SIN CAMARA MS,FUN SIN CAMARA MS,15
7001684550068,IPHONE 16 PRO MAX DORADO FUN SIN CAMARA MS,FUN SIN CAMARA MS,18
7001684550013,IPHONE 16 PRO MAX NEGRO FUN SIN CAMARA MS,FUN SIN CAMARA MS,15
7001684550082,IPHONE 16 PRO MAX PLATA FUN SIN CAMARA MS,FUN SIN CAMARA MS,16
7001684550020,IPHONE 16 PRO MAX ROJO FUN SIN CAMARA MS,FUN SIN CAMARA MS,14
7001684540021,IPHONE 16 ROJO FUN SIN CAMARA MS,FUN SIN CAMARA MS,9
7001685400058,IPHONE 17 AZUL MARINO FUN SIN CAMARA MS,FUN SIN CAMARA MS,18
7001685400065,IPHONE 17 DORADO FUN SIN CAMARA MS,FUN SIN CAMARA MS,16
7001685400010,IPHONE 17 NEGRO FUN SIN CAMARA MS,FUN SIN CAMARA MS,16
7001685400089,IPHONE 17 PLATA FUN SIN CAMARA MS,FUN SIN CAMARA MS,17
7001685430055,IPHONE 17 PRO AZUL MARINO FUN SIN CAMARA MS,FUN SIN CAMARA MS,13
7001685430062,IPHONE 17 PRO DORADO FUN SIN CAMARA MS,FUN SIN CAMARA MS,50
7001685410057,IPHONE 17 PRO MAX AZUL MARINO FUN SIN CAMARA MS,FUN SIN CAMARA MS,11
7001685410514,IPHONE 17 PRO MAX BEIGE FUN SIN CAMARA MS,FUN SIN CAMARA MS,20
7001685410194,IPHONE 17 PRO MAX CAFE FUN SIN CAMARA MS,FUN SIN CAMARA MS,21
7001685410187,IPHONE 17 PRO MAX NARANJA FUN SIN CAMARA MS,FUN SIN CAMARA MS,37
7001685410019,IPHONE 17 PRO MAX NEGRO FUN SIN CAMARA MS,FUN SIN CAMARA MS,13
7001685430017,IPHONE 17 PRO NEGRO FUN SIN CAMARA MS,FUN SIN CAMARA MS,12
7001685430086,IPHONE 17 PRO PLATA FUN SIN CAMARA MS,FUN SIN CAMARA MS,11
7001685430024,IPHONE 17 PRO ROJO FUN SIN CAMARA MS,FUN SIN CAMARA MS,12
7001685400027,IPHONE 17 ROJO FUN SIN CAMARA MS,FUN SIN CAMARA MS,10
7001565450173,A07 MORADO HUMO BRACKET SAM,HUMO BRACKET SAM,1
7001565450043,A07 ROSA HUMO BRACKET SAM,HUMO BRACKET SAM,1
7001563970055,S24 ULTRA AZUL MARINO HUMO BRACKET SAM,HUMO BRACKET SAM,1
7001565000040,S25 ULTRA ROSA HUMO BRACKET SAM,HUMO BRACKET SAM,6
7002653450181,IPHONE 15 NARANJA LILA CONVERT X,LILA CONVERT X,5
7001580050112,IPHONE 12 AZUL CLARO LUCK BRACKET CON CAMARAS,LUCK BRACKET CON CAMARAS,1
7001583460048,IPHONE 15 PRO MAX ROSA LUCK BRACKET CON CAMARAS,LUCK BRACKET CON CAMARAS,1
7001583460147,IPHONE 15 PRO MAX ROSA PALO LUCK BRACKET CON CAMARAS,LUCK BRACKET CON CAMARAS,2
7001585430117,IPHONE 17 PRO AZUL CLARO LUCK BRACKET CON CAMARAS,LUCK BRACKET CON CAMARAS,1
7001585430049,IPHONE 17 PRO ROSA LUCK BRACKET CON CAMARAS,LUCK BRACKET CON CAMARAS,1
7001583970011,S24 ULTRA NEGRO LUCK BRACKET CON CAMARAS,LUCK BRACKET CON CAMARAS,1
7001584760116,SAMSUNG A36 AZUL CLARO LUCK BRACKET CON CAMARAS,LUCK BRACKET CON CAMARAS,1
7001585300144,SAMSUNG A56 ROSA PALO LUCK BRACKET CON CAMARAS,LUCK BRACKET CON CAMARAS,1
7002055000113,S25 ULTRA AZUL CLARO LY GLITTER CROMO CAMERA,LY GLITTER CROMO CAMERA,11
7002055000175,S25 ULTRA MORADO LY GLITTER CROMO CAMERA,LY GLITTER CROMO CAMERA,10
7002055000014,S25 ULTRA NEGRO LY GLITTER CROMO CAMERA,LY GLITTER CROMO CAMERA,11
7002055000045,S25 ULTRA ROSA LY GLITTER CROMO CAMERA,LY GLITTER CROMO CAMERA,10
7002055000076,S25 ULTRA TRANSPARENTE LY GLITTER CROMO CAMERA,LY GLITTER CROMO CAMERA,9
7002085410111,IPHONE 17 PRO MAX AZUL CLARO LY HUMO SMOKY ALL,LY HUMO SMOKY ALL,9
7002085410050,IPHONE 17 PRO MAX AZUL MARINO LY HUMO SMOKY ALL,LY HUMO SMOKY ALL,9
7002085410197,IPHONE 17 PRO MAX CAFE LY HUMO SMOKY ALL,LY HUMO SMOKY ALL,9
7002085411170,IPHONE 17 PRO MAX GRIS LY HUMO SMOKY ALL,LY HUMO SMOKY ALL,9
7002085410166,IPHONE 17 PRO MAX LILA LY HUMO SMOKY ALL,LY HUMO SMOKY ALL,9
7002085410180,IPHONE 17 PRO MAX NARANJA LY HUMO SMOKY ALL,LY HUMO SMOKY ALL,10
7002085410012,IPHONE 17 PRO MAX NEGRO LY HUMO SMOKY ALL,LY HUMO SMOKY ALL,9
7002085410043,IPHONE 17 PRO MAX ROSA LY HUMO SMOKY ALL,LY HUMO SMOKY ALL,9
7002035410055,IPHONE 17 PRO MAX AZUL MARINO LY MAGSAFE CAMARA CROMADO SMOKY BACK,LY MAGSAFE CAMARA CROMADO SMOKY BACK,5
7002035410192,IPHONE 17 PRO MAX CAFE LY MAGSAFE CAMARA CROMADO SMOKY BACK,LY MAGSAFE CAMARA CROMADO SMOKY BACK,3
7002035411175,IPHONE 17 PRO MAX GRIS LY MAGSAFE CAMARA CROMADO SMOKY BACK,LY MAGSAFE CAMARA CROMADO SMOKY BACK,5
7002035410017,IPHONE 17 PRO MAX NEGRO LY MAGSAFE CAMARA CROMADO SMOKY BACK,LY MAGSAFE CAMARA CROMADO SMOKY BACK,8
7002045410014,IPHONE 17 PRO MAX NEGRO LY MAGSAFE SMOKY ALSO CAMERA SOFT,LY MAGSAFE SMOKY ALSO CAMERA SOFT,3
7002065410193,IPHONE 17 PRO MAX CAFE LY MAGSAFE SMOKY ERGONOMIC,LY MAGSAFE SMOKY ERGONOMIC,1
7002065410186,IPHONE 17 PRO MAX NARANJA LY MAGSAFE SMOKY ERGONOMIC,LY MAGSAFE SMOKY ERGONOMIC,1
7002065410018,IPHONE 17 PRO MAX NEGRO LY MAGSAFE SMOKY ERGONOMIC,LY MAGSAFE SMOKY ERGONOMIC,1
7002025410119,IPHONE 17 PRO MAX AZUL CLARO LY MAGSAFE SMOKY RED CAMERA 63,LY MAGSAFE SMOKY RED CAMERA 63,7
7002025411178,IPHONE 17 PRO MAX GRIS LY MAGSAFE SMOKY RED CAMERA 63,LY MAGSAFE SMOKY RED CAMERA 63,6
7002025410171,IPHONE 17 PRO MAX MORADO LY MAGSAFE SMOKY RED CAMERA 63,LY MAGSAFE SMOKY RED CAMERA 63,9
7002025410041,IPHONE 17 PRO MAX ROSA LY MAGSAFE SMOKY RED CAMERA 63,LY MAGSAFE SMOKY RED CAMERA 63,1
7001385000176,S25 ULTRA MORADO MAGSAFE GLITTER CAMARA LENTE CON DOBLE SOPORTE ,MAGSAFE GLITTER CAMARA LENTE CON DOBLE SOPORTE ,4
7001742810011,IPHONE 14 NEGRO ORANGE BELLA ESQUINAS,ORANGE BELLA ESQUINAS,40
7001760080182,IPHONE 11 NARANJA ORANGE CONVERT,ORANGE CONVERT,1
7001764540057,IPHONE 16 AZUL MARINO ORANGE CONVERT,ORANGE CONVERT,3
7001764540187,IPHONE 16 NARANJA ORANGE CONVERT,ORANGE CONVERT,10
7001764550056,IPHONE 16 PRO MAX AZUL MARINO ORANGE CONVERT,ORANGE CONVERT,14
7001764550063,IPHONE 16 PRO MAX DORADO ORANGE CONVERT,ORANGE CONVERT,1
7001764550018,IPHONE 16 PRO MAX NEGRO ORANGE CONVERT,ORANGE CONVERT,12
7001765400053,IPHONE 17 AZUL MARINO ORANGE CONVERT,ORANGE CONVERT,15
7001765400060,IPHONE 17 DORADO ORANGE CONVERT,ORANGE CONVERT,23
7001765400183,IPHONE 17 NARANJA ORANGE CONVERT,ORANGE CONVERT,32
7001765400015,IPHONE 17 NEGRO ORANGE CONVERT,ORANGE CONVERT,1
7001765410052,IPHONE 17 PRO MAX AZUL MARINO ORANGE CONVERT,ORANGE CONVERT,25
7001765410069,IPHONE 17 PRO MAX DORADO ORANGE CONVERT,ORANGE CONVERT,27
7001765410182,IPHONE 17 PRO MAX NARANJA ORANGE CONVERT,ORANGE CONVERT,369
7001765410014,IPHONE 17 PRO MAX NEGRO ORANGE CONVERT,ORANGE CONVERT,19
7001765430180,IPHONE 17 PRO NARANJA ORANGE CONVERT,ORANGE CONVERT,19
7001765430012,IPHONE 17 PRO NEGRO ORANGE CONVERT,ORANGE CONVERT,1
7001765000055,S25 ULTRA AZUL MARINO ORANGE CONVERT,ORANGE CONVERT,2
7001765000017,S25 ULTRA NEGRO ORANGE CONVERT,ORANGE CONVERT,1
7001794540188,IPHONE 16 NARANJA ORANGE HUMO 1,ORANGE HUMO 1,8
7001794550187,IPHONE 16 PRO MAX NARANJA ORANGE HUMO 1,ORANGE HUMO 1,10
7001795400184,IPHONE 17 NARANJA ORANGE HUMO 1,ORANGE HUMO 1,15
7001795410183,IPHONE 17 PRO MAX NARANJA ORANGE HUMO 1,ORANGE HUMO 1,20
7001795430181,IPHONE 17 PRO NARANJA ORANGE HUMO 1,ORANGE HUMO 1,67
7001795000186,S25 ULTRA NARANJA ORANGE HUMO 1,ORANGE HUMO 1,1
7001795950184,S26 ULTRA NARANJA ORANGE HUMO 1,ORANGE HUMO 1,10
7001784540181,IPHONE 16 NARANJA ORANGE HUMO 2,ORANGE HUMO 2,23
7001784550180,IPHONE 16 PRO MAX NARANJA ORANGE HUMO 2,ORANGE HUMO 2,15
7001785400187,IPHONE 17 NARANJA ORANGE HUMO 2,ORANGE HUMO 2,38
7001785410179,IPHONE 17 PRO MAX MORADO ORANGE HUMO 2,ORANGE HUMO 2,14
7001785410186,IPHONE 17 PRO MAX NARANJA ORANGE HUMO 2,ORANGE HUMO 2,72
7001785410018,IPHONE 17 PRO MAX NEGRO ORANGE HUMO 2,ORANGE HUMO 2,1
7001783971177,S24 ULTRA GRIS ORANGE HUMO 2,ORANGE HUMO 2,27
7001525410186,IPHONE 17 PRO MAX NARANJA ORANGE HUMO BRACKET 4A,ORANGE HUMO BRACKET 4A,221
7001735410181,IPHONE 17 PRO MAX NARANJA ORANGE TRANSPARENTE CONTORNO SIN CAMARA,ORANGE TRANSPARENTE CONTORNO SIN CAMARA,1
7002125410187,IPHONE 17 PRO MAX NARANJA SMOKY NEW BLACK,SMOKY NEW BLACK,1
7002005950178,S26 ULTRA MORADO SOPORTE Y BRACKET MAGSAFE SAM,SOPORTE Y BRACKET MAGSAFE SAM,10
7001603450059,IPHONE 15 AZUL MARINO SUAVE VENTANA ORANGE,SUAVE VENTANA ORANGE,7
7001604540056,IPHONE 16 AZUL MARINO SUAVE VENTANA ORANGE,SUAVE VENTANA ORANGE,1
7001604541176,IPHONE 16 GRIS SUAVE VENTANA ORANGE,SUAVE VENTANA ORANGE,6
7001604540186,IPHONE 16 NARANJA SUAVE VENTANA ORANGE,SUAVE VENTANA ORANGE,30
7001604550055,IPHONE 16 PRO MAX AZUL MARINO SUAVE VENTANA ORANGE,SUAVE VENTANA ORANGE,11
7001604551175,IPHONE 16 PRO MAX GRIS SUAVE VENTANA ORANGE,SUAVE VENTANA ORANGE,14
7001604550185,IPHONE 16 PRO MAX NARANJA SUAVE VENTANA ORANGE,SUAVE VENTANA ORANGE,30
7001604550017,IPHONE 16 PRO MAX NEGRO SUAVE VENTANA ORANGE,SUAVE VENTANA ORANGE,4
7001605430059,IPHONE 17 PRO AZUL MARINO SUAVE VENTANA ORANGE,SUAVE VENTANA ORANGE,5
7001605430189,IPHONE 17 PRO NARANJA SUAVE VENTANA ORANGE,SUAVE VENTANA ORANGE,10
7003415881311,EDGE 60 FUSION BLANCO SWAROVSKY CON MICA,SWAROVSKY CON MICA,1
7003415880239,EDGE 60 FUSION VERDE PISTACHE SWAROVSKY CON MICA,SWAROVSKY CON MICA,6
7003415340115,EDGE 60 PRO AZUL CLARO SWAROVSKY CON MICA,SWAROVSKY CON MICA,11
7003415340177,EDGE 60 PRO MORADO SWAROVSKY CON MICA,SWAROVSKY CON MICA,8
7003415340016,EDGE 60 PRO NEGRO SWAROVSKY CON MICA,SWAROVSKY CON MICA,3
7003415340047,EDGE 60 PRO ROSA SWAROVSKY CON MICA,SWAROVSKY CON MICA,7
7003415651310,G56 BLANCO SWAROVSKY CON MICA,SWAROVSKY CON MICA,3
7003415650160,G56 LILA SWAROVSKY CON MICA,SWAROVSKY CON MICA,8
7003415640116,G86 AZUL CLARO SWAROVSKY CON MICA,SWAROVSKY CON MICA,10
7003415641311,G86 BLANCO SWAROVSKY CON MICA,SWAROVSKY CON MICA,7
7003415640178,G86 MORADO SWAROVSKY CON MICA,SWAROVSKY CON MICA,3
7003415640017,G86 NEGRO SWAROVSKY CON MICA,SWAROVSKY CON MICA,10
7003415640048,G86 ROSA SWAROVSKY CON MICA,SWAROVSKY CON MICA,4
7003415771315,HONOR 400 LITE BLANCO SWAROVSKY CON MICA,SWAROVSKY CON MICA,1
7003415770011,HONOR 400 LITE NEGRO SWAROVSKY CON MICA,SWAROVSKY CON MICA,2
7003415040237,IPHONE 16E VERDE PISTACHE SWAROVSKY CON MICA,SWAROVSKY CON MICA,8
7003414490170,MOTO EDGE 50 ULTRA MORADO SWAROVSKY CON MICA,SWAROVSKY CON MICA,14
7003411550112,MOTO G60 AZUL CLARO SWAROVSKY CON MICA,SWAROVSKY CON MICA,3
7003411551317,MOTO G60 BLANCO SWAROVSKY CON MICA,SWAROVSKY CON MICA,3
7003411550167,MOTO G60 LILA SWAROVSKY CON MICA,SWAROVSKY CON MICA,5
7003411551140,MOTO G60 ROSA CON ROSA SWAROVSKY CON MICA,SWAROVSKY CON MICA,2
7003411550044,MOTO G60 ROSA SWAROVSKY CON MICA,SWAROVSKY CON MICA,7
7003416080010,OPPO A5 NEGRO SWAROVSKY CON MICA,SWAROVSKY CON MICA,1
7003416080232,OPPO A5 VERDE PISTACHE SWAROVSKY CON MICA,SWAROVSKY CON MICA,19
7003414840173,OPPO A60 MORADO SWAROVSKY CON MICA,SWAROVSKY CON MICA,6
7003414840012,OPPO A60 NEGRO SWAROVSKY CON MICA,SWAROVSKY CON MICA,1
7003416060173,REALME 14 MORADO SWAROVSKY CON MICA,SWAROVSKY CON MICA,16
7003416060012,REALME 14 NEGRO SWAROVSKY CON MICA,SWAROVSKY CON MICA,10
7003416060043,REALME 14 ROSA SWAROVSKY CON MICA,SWAROVSKY CON MICA,27
7003416060234,REALME 14 VERDE PISTACHE SWAROVSKY CON MICA,SWAROVSKY CON MICA,29
7003415260178,REDMI A5 MORADO SWAROVSKY CON MICA,SWAROVSKY CON MICA,1
7003414600173,RENO 12F MORADO SWAROVSKY CON MICA,SWAROVSKY CON MICA,15
7003414600012,RENO 12F NEGRO SWAROVSKY CON MICA,SWAROVSKY CON MICA,12
7003414600043,RENO 12F ROSA SWAROVSKY CON MICA,SWAROVSKY CON MICA,6
7003414520174,RENO 12 MORADO SWAROVSKY CON MICA,SWAROVSKY CON MICA,7
7003414520013,RENO 12 NEGRO SWAROVSKY CON MICA,SWAROVSKY CON MICA,4
7003416070172,RENO 12 PRO MORADO SWAROVSKY CON MICA,SWAROVSKY CON MICA,10
7003416070011,RENO 12 PRO NEGRO SWAROVSKY CON MICA,SWAROVSKY CON MICA,10
7003414520044,RENO 12 ROSA SWAROVSKY CON MICA,SWAROVSKY CON MICA,10
7003415060235,RENO 13F VERDE PISTACHE SWAROVSKY CON MICA,SWAROVSKY CON MICA,6
7003415140173,RENO 13 MORADO SWAROVSKY CON MICA,SWAROVSKY CON MICA,4
7003415140012,RENO 13 NEGRO SWAROVSKY CON MICA,SWAROVSKY CON MICA,10
7003415140043,RENO 13 ROSA SWAROVSKY CON MICA,SWAROVSKY CON MICA,12
7003415140234,RENO 13 VERDE PISTACHE SWAROVSKY CON MICA,SWAROVSKY CON MICA,25
7003415621313,RENO 14F BLANCO SWAROVSKY CON MICA,SWAROVSKY CON MICA,2
7003414670046,V40 LITE ROSA SWAROVSKY CON MICA,SWAROVSKY CON MICA,5
7003414670237,V40 LITE VERDE PISTACHE SWAROVSKY CON MICA,SWAROVSKY CON MICA,14
7003414680175,V40 MORADO SWAROVSKY CON MICA,SWAROVSKY CON MICA,17
7003414680014,V40 NEGRO SWAROVSKY CON MICA,SWAROVSKY CON MICA,17
7003414680045,V40 ROSA SWAROVSKY CON MICA,SWAROVSKY CON MICA,11
7003415250018,V50 LITE NEGRO SWAROVSKY CON MICA,SWAROVSKY CON MICA,2
7003415250049,V50 LITE ROSA SWAROVSKY CON MICA,SWAROVSKY CON MICA,3
7003415250230,V50 LITE VERDE PISTACHE SWAROVSKY CON MICA,SWAROVSKY CON MICA,10
7003415220172,V50 MORADO SWAROVSKY CON MICA,SWAROVSKY CON MICA,25
7003415220011,V50 NEGRO SWAROVSKY CON MICA,SWAROVSKY CON MICA,21
7003415220042,V50 ROSA SWAROVSKY CON MICA,SWAROVSKY CON MICA,28
7003415220233,V50 VERDE PISTACHE SWAROVSKY CON MICA,SWAROVSKY CON MICA,35
7003415280176,Y04 MORADO SWAROVSKY CON MICA,SWAROVSKY CON MICA,13
7003415280015,Y04 NEGRO SWAROVSKY CON MICA,SWAROVSKY CON MICA,4
7003415280046,Y04 ROSA SWAROVSKY CON MICA,SWAROVSKY CON MICA,6
7003415280237,Y04 VERDE PISTACHE SWAROVSKY CON MICA,SWAROVSKY CON MICA,27
7003414130045,ZTE V30 VITA ROSA SWAROVSKY CON MICA,SWAROVSKY CON MICA,4
7001655410018,IPHONE 17 PRO MAX NEGRO YU MAG 5,YU MAG 5,1
7001665430051,IPHONE 17 PRO AZUL MARINO YU MAG 6,YU MAG 6,2
7001665410053,IPHONE 17 PRO MAX AZUL MARINO YU MAG 6,YU MAG 6,10
7001665410190,IPHONE 17 PRO MAX CAFE YU MAG 6,YU MAG 6,22
7001665410176,IPHONE 17 PRO MAX MORADO YU MAG 6,YU MAG 6,20
7001665410183,IPHONE 17 PRO MAX NARANJA YU MAG 6,YU MAG 6,1
7001665410015,IPHONE 17 PRO MAX NEGRO YU MAG 6,YU MAG 6,7
7001665410046,IPHONE 17 PRO MAX ROSA YU MAG 6,YU MAG 6,16
7001665220041,V50 ROSA YU MAG 6,YU MAG 6,10
7001675410197,IPHONE 17 PRO MAX CAFE YU MAG 7,YU MAG 7,14
7001675410180,IPHONE 17 PRO MAX NARANJA YU MAG 7,YU MAG 7,2
